Subject,Model,Test MSE,Test RMSE,Test MAE,Test R2
1,Linear Regression,0.20873642219948366,0.45687681293701443,0.3321772473365685,0.7886467859353133
2,Linear Regression,0.33074075877570996,0.5751006509957278,0.43595782500738084,0.6648380319179049
3,Linear Regression,0.4547818893558325,0.6743751844157913,0.48173287324156233,0.5454510076776606
5,Linear Regression,0.5356795632180645,0.7319013343464162,0.5542053042604793,0.46274889393270713
6,Linear Regression,0.6289585259709002,0.7930690549825408,0.589858511160602,0.3742052079861362
7,Linear Regression,0.49134847033824636,0.7009625313369084,0.5201470554993305,0.5104346761346914
8,Linear Regression,0.295109831933563,0.5432401236410681,0.35436015474667953,0.7189487758095152
11,Linear Regression,0.18319593476647067,0.42801394225710765,0.31442900334118734,0.8185957939551062
