Subject,Model,Test MSE,Test RMSE,Test MAE
1,Linear Regression,83.56852532709053,9.14158221136202,7.703416929987455
3,Linear Regression,53.438711459742464,7.310178620235108,6.123099158611538
4,Linear Regression,39.479359985031465,6.2832602990033335,5.064599267785904
5,Linear Regression,123.63630777178219,11.11918647077124,8.67839667501893
6,Linear Regression,100.7021045140553,10.035043822228944,8.410710985703815
7,Linear Regression,45.05813750873511,6.712535847854752,5.460574984316504
8,Linear Regression,64.43295748488109,8.027014232258535,6.74789664805929
11,Linear Regression,88.5344948328155,9.40927706217728,8.403088202235535
