Subject,Model,Test MSE,Test RMSE,Test MAE,Test R2
1,Random Forest,0.24615818232677042,0.4961433082555588,0.3514773211279093,0.7520572881783314
1,XGBoost,0.2707463129347294,0.5203328866550041,0.3750423164582735,0.727290905342965
